{
    "name": "default",
    "domain": {
        "dt": 5.0,
        "present_year": 2020.0,
        "initial_year": 2020.0,
        "final_year": 2200.0
    },
    "economics": {
        "E0": 100.0,
        "γ": 0.02,
        "β": 0.01,
        "ρ": 0.02,
        "Finf": 8.5,
        "Tb": 2.3,
        "mitigate_cost": 0.055489419901509705,
        "remove_cost": 36.97631285953187,
        "geoeng_cost": 0.5658234787375677,
        "adapt_cost": 0.115,
        "mitigate_init": 0.0,
        "remove_init": 0.0,
        "geoeng_init": 0.0,
        "adapt_init": 0.0,
        "baseline_emissions": [
            7.5,
            8.4375,
            9.375,
            10.3125,
            11.25,
            12.1875,
            13.125,
            14.0625,
            15.0,
            15.9375,
            16.875,
            17.8125,
            18.75,
            19.6875,
            20.625,
            21.5625,
            22.5,
            20.25,
            18.0,
            15.75,
            13.5,
            11.25,
            9.0,
            6.75,
            4.5,
            2.25,
            0.0,
            0.0,
            0.0,
            0.0,
            0.0,
            0.0,
            0.0,
            0.0,
            0.0,
            0.0,
            0.0
        ],
        "epsilon_cost": 0.0,
        "extra_CO₂": [
            0.0,
            0.0,
            0.0,
            0.0,
            0.0,
            0.0,
            0.0,
            0.0,
            0.0,
            0.0,
            0.0,
            0.0,
            0.0,
            0.0,
            0.0,
            0.0,
            0.0,
            0.0,
            0.0,
            0.0,
            0.0,
            0.0,
            0.0,
            0.0,
            0.0,
            0.0,
            0.0,
            0.0,
            0.0,
            0.0,
            0.0,
            0.0,
            0.0,
            0.0,
            0.0,
            0.0,
            0.0
        ]
    },
    "physics": {
        "c0": 460.0,
        "T0": 1.1,
        "a": 4.977297891066924,
        "B": 1.13,
        "Cd": 106.0,
        "κ": 0.73,
        "r": 0.5
    }
}